ID,Titulo,Tipo,Prioridad,Epica,StoryPoints,Sprint,Estado,Disciplina,Documentacion
"UH-01","Autenticación de Usuarios por Rol","UH","P3","EP-01: Acceso, Roles y Permisos Básicos",2,"Sprint 1","done","Backend / Auth & RBAC","02_ESPECIFICACION_FUNCIONAL_Y_BACKLOG.md#uh-01"
"UH-02","Control de Permisos por Perfil","UH","P3","EP-01: Acceso, Roles y Permisos Básicos",2,"Sprint 1","done","Backend / Auth & RBAC","02_ESPECIFICACION_FUNCIONAL_Y_BACKLOG.md#uh-02"
"UH-03","Auditoría Básica de Acceso","UH","P3","EP-01: Acceso, Roles y Permisos Básicos",2,"Sprint 1","done","Backend / Auth & RBAC","02_ESPECIFICACION_FUNCIONAL_Y_BACKLOG.md#uh-03"
"UH-04","Cierre de Sesión Seguro","UH","P3","EP-01: Acceso, Roles y Permisos Básicos",1,"Sprint 1","done","Backend / Auth & RBAC","02_ESPECIFICACION_FUNCIONAL_Y_BACKLOG.md#uh-04"
"UH-05","Formulario Unificado de Alta de Ticket","UH","P2","EP-02: Tickets y Datos de Solicitud",3,"Sprint 2","done","Fullstack / Formularios","02_ESPECIFICACION_FUNCIONAL_Y_BACKLOG.md#uh-05"
"UH-06","Selección de Plataforma / Categoría","UH","P3","EP-02: Tickets y Datos de Solicitud",2,"Sprint 2","done","Fullstack / Formularios","02_ESPECIFICACION_FUNCIONAL_Y_BACKLOG.md#uh-06"
"UH-07","Vinculación con Cliente Institucional","UH","P3","EP-02: Tickets y Datos de Solicitud",2,"Sprint 2","done","Fullstack / Formularios","02_ESPECIFICACION_FUNCIONAL_Y_BACKLOG.md#uh-07"
"UH-08","Tipificación de la Solicitud","UH","P3","EP-02: Tickets y Datos de Solicitud",2,"Sprint 2","done","Fullstack / Formularios","02_ESPECIFICACION_FUNCIONAL_Y_BACKLOG.md#uh-08"
"UH-09","Asignación de Prioridad ($P = I 	imes U$)","UH","P2","EP-02: Tickets y Datos de Solicitud",3,"Sprint 2","done","Fullstack / Formularios","02_ESPECIFICACION_FUNCIONAL_Y_BACKLOG.md#uh-09"
"UH-10","Adjunto de Evidencias","UH","P3","EP-02: Tickets y Datos de Solicitud",2,"Sprint 2","done","Fullstack / Formularios","02_ESPECIFICACION_FUNCIONAL_Y_BACKLOG.md#uh-10"
"UH-11","Consulta y Edición Básica de Ticket","UH","P3","EP-02: Tickets y Datos de Solicitud",1,"Sprint 2","done","Fullstack / Formularios","02_ESPECIFICACION_FUNCIONAL_Y_BACKLOG.md#uh-11"
"UH-12","Bandeja de Entrada de Solicitudes","UH","P2","EP-03: Bandeja de Atención y Asignación de Responsable",3,"Sprint 3","done","Frontend / Cockpit UI","02_ESPECIFICACION_FUNCIONAL_Y_BACKLOG.md#uh-12"
"UH-13","Asignación de Responsable de Soporte","UH","P3","EP-03: Bandeja de Atención y Asignación de Responsable",2,"Sprint 3","done","Frontend / Cockpit UI","02_ESPECIFICACION_FUNCIONAL_Y_BACKLOG.md#uh-13"
"UH-14","Autoasignación Directa ("Tomar Ticket")","UH","P3","EP-03: Bandeja de Atención y Asignación de Responsable",1,"Sprint 3","done","Frontend / Cockpit UI","02_ESPECIFICACION_FUNCIONAL_Y_BACKLOG.md#uh-14"
"UH-15","Derivación a Nivel de Soporte Especializado","UH","P3","EP-03: Bandeja de Atención y Asignación de Responsable",2,"Sprint 3","done","Frontend / Cockpit UI","02_ESPECIFICACION_FUNCIONAL_Y_BACKLOG.md#uh-15"
"UH-16","Reasignación de Responsable","UH","P3","EP-03: Bandeja de Atención y Asignación de Responsable",2,"Sprint 3","done","Frontend / Cockpit UI","02_ESPECIFICACION_FUNCIONAL_Y_BACKLOG.md#uh-16"
"UH-17","Transición de Estado a "En Curso"","UH","P3","EP-04: Ciclo de Estados y Registro de Solución",2,"Sprint 4","done","Backend / FSM & Transiciones","02_ESPECIFICACION_FUNCIONAL_Y_BACKLOG.md#uh-17"
"UH-18","Pausa de Gestión por Información Pendiente","UH","P3","EP-04: Ciclo de Estados y Registro de Solución",2,"Sprint 4","done","Backend / FSM & Transiciones","02_ESPECIFICACION_FUNCIONAL_Y_BACKLOG.md#uh-18"
"UH-19","Registro Obligatorio de Solución","UH","P2","EP-04: Ciclo de Estados y Registro de Solución",3,"Sprint 4","done","Backend / FSM & Transiciones","02_ESPECIFICACION_FUNCIONAL_Y_BACKLOG.md#uh-19"
"UH-20","Registro de Solución Provisoria / Alternativa","UH","P2","EP-04: Ciclo de Estados y Registro de Solución",3,"Sprint 4","done","Backend / FSM & Transiciones","02_ESPECIFICACION_FUNCIONAL_Y_BACKLOG.md#uh-20"
"UH-21","Transición a Estado "Resuelto"","UH","P3","EP-04: Ciclo de Estados y Registro de Solución",2,"Sprint 4","done","Backend / FSM & Transiciones","02_ESPECIFICACION_FUNCIONAL_Y_BACKLOG.md#uh-21"
"UH-22","Transición a Estado "Cerrado"","UH","P3","EP-04: Ciclo de Estados y Registro de Solución",2,"Sprint 4","done","Backend / FSM & Transiciones","02_ESPECIFICACION_FUNCIONAL_Y_BACKLOG.md#uh-22"
"UH-23","Comentarios Públicos de Seguimiento","UH","P3","EP-05: Seguimiento, Notificaciones e Historial",2,"Sprint 4","done","Backend / Notificaciones & Auditoría","02_ESPECIFICACION_FUNCIONAL_Y_BACKLOG.md#uh-23"
"UH-24","Notas Internas para el Equipo de Soporte","UH","P3","EP-05: Seguimiento, Notificaciones e Historial",2,"Sprint 4","done","Backend / Notificaciones & Auditoría","02_ESPECIFICACION_FUNCIONAL_Y_BACKLOG.md#uh-24"
"UH-25","Avisos Básicos por Asignación y Cambio de Estado","UH","P3","EP-05: Seguimiento, Notificaciones e Historial",2,"Sprint 4","done","Backend / Notificaciones & Auditoría","02_ESPECIFICACION_FUNCIONAL_Y_BACKLOG.md#uh-25"
"UH-26","Aviso Destacado de Ticket Resuelto","UH","P3","EP-05: Seguimiento, Notificaciones e Historial",1,"Sprint 4","done","Backend / Notificaciones & Auditoría","02_ESPECIFICACION_FUNCIONAL_Y_BACKLOG.md#uh-26"
"UH-27","Historial y Trazabilidad de Cambios Relevantes","UH","P3","EP-05: Seguimiento, Notificaciones e Historial",2,"Sprint 4","done","Backend / Notificaciones & Auditoría","02_ESPECIFICACION_FUNCIONAL_Y_BACKLOG.md#uh-27"
"UH-28","Interfaz Centralizada de Operación en Pantalla Única","UH","P2","EP-06: Administración y Operación Centralizada",6,"Sprint 5","done","Frontend / Pantalla Única","02_ESPECIFICACION_FUNCIONAL_Y_BACKLOG.md#uh-28"
"UH-29","Selector Rápido de Rol de Usuario","UH","P2","EP-06: Administración y Operación Centralizada",3,"Sprint 5","done","Frontend / Pantalla Única","02_ESPECIFICACION_FUNCIONAL_Y_BACKLOG.md#uh-29"
"UH-30","Listado, Búsqueda y Filtros Básicos","UH","P2","EP-06: Administración y Operación Centralizada",4,"Sprint 5","done","Frontend / Pantalla Única","02_ESPECIFICACION_FUNCIONAL_Y_BACKLOG.md#uh-30"
"UH-31","Administración de Usuarios y Asignación de Roles","UH","P2","EP-06: Administración y Operación Centralizada",4,"Sprint 5","done","Frontend / Pantalla Única","02_ESPECIFICACION_FUNCIONAL_Y_BACKLOG.md#uh-31"
"UH-32","Administración de Categorías y Prioridades","UH","P2","EP-06: Administración y Operación Centralizada",3,"Sprint 5","done","Frontend / Pantalla Única","02_ESPECIFICACION_FUNCIONAL_Y_BACKLOG.md#uh-32"
"ISSUE-07","[P1 - ALTA PRIORIDAD] Erradicación de Terminología Médica/Hospitalaria en Mensajes y Estados del Sistema de TI","ISSUE","P1","EP-08: Reemplazo N1, Triage IA & Portal Solicitante",3,"Sprint 6","done","Frontend / UX Writing & ITIL","02_ESPECIFICACION_FUNCIONAL_Y_BACKLOG.md#issue-07"
"UH-68","[P1 - ALTA PRIORIDAD] Remoción de Métricas y Etiquetas de SLA en el Portal del Solicitante / Médico","UH","P1","EP-08: Reemplazo N1, Triage IA & Portal Solicitante",2,"Sprint 6","done","Frontend / UX & Limpieza","02_ESPECIFICACION_FUNCIONAL_Y_BACKLOG.md#uh-68"
"UH-67","[P1 - ALTA PRIORIDAD] Subniveles Interactivos de Navegación en Árbol N1 y Separación de Capas Médico vs Soporte","UH","P1","EP-08: Reemplazo N1, Triage IA & Portal Solicitante",5,"Sprint 6","done","Analista Funcional / UX & Frontend","02_ESPECIFICACION_FUNCIONAL_Y_BACKLOG.md#uh-67"
"ISSUE-04","[P1 - ALTA PRIORIDAD] Imposibilidad de scroll en desplegable de temas oficiales homologados (Typeahead)","ISSUE","P1","EP-08: Reemplazo N1, Triage IA & Portal Solicitante",3,"Sprint 6","done","Frontend / UX & CSS","02_ESPECIFICACION_FUNCIONAL_Y_BACKLOG.md#issue-04"
"ISSUE-05","[P1 - ALTA PRIORIDAD] Botón 'Hacer otra consulta' no oculta ni reinicia el historial de consultas anteriores","ISSUE","P1","EP-08: Reemplazo N1, Triage IA & Portal Solicitante",2,"Sprint 6","done","Frontend / JS & UX","02_ESPECIFICACION_FUNCIONAL_Y_BACKLOG.md#issue-05"
"ISSUE-06","[P1 - ALTA PRIORIDAD] Falla en visualización de Constancia de Resolución Inmediata y campo/toast fantasma sin texto","ISSUE","P1","EP-08: Reemplazo N1, Triage IA & Portal Solicitante",3,"Sprint 6","done","Frontend / UX & CSS","02_ESPECIFICACION_FUNCIONAL_Y_BACKLOG.md#issue-06"
"UH-66","[P1 - ALTA PRIORIDAD] Depuración de Componentes de Debug, Subtítulo Redundante y Limpieza Zen del Portal","UH","P1","EP-08: Reemplazo N1, Triage IA & Portal Solicitante",3,"Sprint 6","done","Frontend / UI & Limpieza Zen","02_ESPECIFICACION_FUNCIONAL_Y_BACKLOG.md#uh-66"
"GAP-01","Formalización del Marco PMI+IA y Protocolo de Calidad en Suite Documental","GAP","P2","EP-07: Gobernanza PMI+IA, Blindaje OJO & Calidad",5,"Sprint 6","done","AF / Gobernanza","08_MARCO_DE_TRABAJO_PMI_IA_Y_GOBERNANZA_CALIDAD.md"
"MEJ-02","Soporte Nativo de Enlaces Documentales, Tipos de Item y Modal en Tablero Scrumban","MEJORA","P2","EP-07: Gobernanza PMI+IA, Blindaje OJO & Calidad",3,"Sprint 6","done","Frontend / UX","00_Tablero_Scrumban_Quantux.html"
"MEJ-01","Automatización de Bucle TDD y Pre-commit Hooks para Validadores OJO","MEJORA","P2","EP-07: Gobernanza PMI+IA, Blindaje OJO & Calidad",5,"Sprint 6","done","DevOps / QA","08_MARCO_DE_TRABAJO_PMI_IA_Y_GOBERNANZA_CALIDAD.md#seccion-3"
"ISSUE-01","Remoción de términos clínicos hospitalarios ('guardia', 'asistencial') en app.js","ISSUE","P2","EP-07: Gobernanza PMI+IA, Blindaje OJO & Calidad",3,"Sprint 6","done","Frontend / QA","validate_ojo_compliance.py"
"ISSUE-02","Sustitución de colores rojos no autorizados (#DC2626, #EF4444) por paleta Slate/Teal","ISSUE","P2","EP-07: Gobernanza PMI+IA, Blindaje OJO & Calidad",3,"Sprint 6","done","Frontend / CSS","validate_ojo_compliance.py"
"TASK-01","Script de Hook Git Pre-commit y Wrapper CLI de Pruebas Continuas","TASK","P3","EP-07: Gobernanza PMI+IA, Blindaje OJO & Calidad",3,"Sprint 6","done","DevOps / Calidad","08_MARCO_DE_TRABAJO_PMI_IA_Y_GOBERNANZA_CALIDAD.md"
"OM-01","Trazabilidad Bidireccional de Tickets hacia Contratos OpenAPI y Esquemas DDL","OPORTUNIDAD","P2","17. Arquitectura & APIs",8,"Sprint 6","done","Backend / Arq","API_CONTRACTS.md"
"GAP-02","Blindaje de Integridad de Contexto para Auditorías TQM y Cero Scope Creep","GAP","P2","EP-07: Gobernanza PMI+IA, Blindaje OJO & Calidad",5,"Sprint 6","done","QA / Metodología","04_INFORME_DE_PRUEBAS_Y_EVIDENCIAS.md"
"OM-02","Caché de Consultas y Optimización de Carga del Cockpit en Memoria","OPORTUNIDAD","P3","17. Arquitectura & APIs",8,"Product Backlog","backlog","Backend / Perf","03_ARQUITECTURA_Y_DISENO_TECNICO.md"
"OM-03","[P3 - BAJA PRIORIDAD] Parametrización y Filtros Avanzados para la Exportación de Datos en Formato CSV","OPORTUNIDAD","P3","EP-07: Gobernanza PMI+IA, Blindaje OJO & Calidad",3,"Product Backlog","backlog","Frontend / Data Export","03_ARQUITECTURA_Y_DISENO_TECNICO.md#om-03"
"TASK-05","Generador de Reportes de Cumplimiento TQM y Certificación PDF Automática","TASK","P3","EP-07: Gobernanza PMI+IA, Blindaje OJO & Calidad",5,"Product Backlog","backlog","QA / DevOps","04_INFORME_DE_PRUEBAS_Y_EVIDENCIAS.md"
"UH-33","Vinculación Jerárquica a Ticket Padre (Incidente Masivo)","UH","P2","1. Incidentes Masivos",5,"Sprint 1","done","Backend / FSM","02_ESPECIFICACION_FUNCIONAL_Y_BACKLOG.md#uh-33"
"UH-34","Resolución y Cierre Automatizado en Cascada","UH","P2","1. Incidentes Masivos",4,"Sprint 1","done","Backend / FSM","02_ESPECIFICACION_FUNCIONAL_Y_BACKLOG.md#uh-34"
"UH-35","Desvinculación por Excepción de Ticket Padre","UH","P3","1. Incidentes Masivos",3,"Sprint 1","done","Backend / FSM","02_ESPECIFICACION_FUNCIONAL_Y_BACKLOG.md#uh-35"
"UH-36","Catálogo y Asociación de Versiones de Release","UH","P2","2. Releases y Despliegues",5,"Sprint 1","done","DevOps / Releases","02_ESPECIFICACION_FUNCIONAL_Y_BACKLOG.md#uh-36"
"UH-37","Cierre Automático por Despliegue en Producción","UH","P3","2. Releases y Despliegues",3,"Sprint 1","done","DevOps / Releases","02_ESPECIFICACION_FUNCIONAL_Y_BACKLOG.md#uh-37"
"UH-38","Paginación Server-Side y Filtros en Bandeja","UH","P2","3. Bandeja General & Paginación",5,"Sprint 1","done","Backend / DB","02_ESPECIFICACION_FUNCIONAL_Y_BACKLOG.md#uh-38"
"UH-39","Búsqueda Full-Text Multi-Atributo","UH","P2","3. Bandeja General & Paginación",4,"Sprint 1","done","Frontend / UX","02_ESPECIFICACION_FUNCIONAL_Y_BACKLOG.md#uh-39"
"UH-40","Layout Zen de Edición sin Distracciones","UH","P2","4. Workspace Zen",6,"Sprint 2","done","Frontend / UI","02_ESPECIFICACION_FUNCIONAL_Y_BACKLOG.md#uh-40"
"UH-41","Gestión de Notas Internas Privadas","UH","P2","4. Workspace Zen",5,"Sprint 2","done","Backend / Auth","02_ESPECIFICACION_FUNCIONAL_Y_BACKLOG.md#uh-41"
"UH-42","Acciones Rápidas con Teclado (Shortcuts)","UH","P3","4. Workspace Zen",5,"Sprint 2","done","Frontend / Accesibilidad","02_ESPECIFICACION_FUNCIONAL_Y_BACKLOG.md#uh-42"
"UH-43","Formulario de Alta Progresivo en 3 Pasos","UH","P2","5. Alta Sin Ruido",5,"Sprint 2","done","Frontend / UX","02_ESPECIFICACION_FUNCIONAL_Y_BACKLOG.md#uh-43"
"UH-44","Validación Preventiva y Sugerencias de KB","UH","P2","5. Alta Sin Ruido",5,"Sprint 2","done","Frontend / AI","02_ESPECIFICACION_FUNCIONAL_Y_BACKLOG.md#uh-44"
"UH-45","Multi-Tenancy y Configuración por Cliente","UH","P1","6. Generalización Enterprise",6,"Sprint 2","done","Arquitectura / DB","02_ESPECIFICACION_FUNCIONAL_Y_BACKLOG.md#uh-45"
"UH-46","Widgets de Control Operativo y SLAs","UH","P2","7. Tablero de Control Zen",5,"Sprint 3","done","Frontend / Analytics","02_ESPECIFICACION_FUNCIONAL_Y_BACKLOG.md#uh-46"
"UH-47","Filtro Rápido por Período y Exportación","UH","P3","7. Tablero de Control Zen",4,"Sprint 3","done","Backend / Reporting","02_ESPECIFICACION_FUNCIONAL_Y_BACKLOG.md#uh-47"
"UH-48","Directorio de Usuarios y Estado de Operadores","UH","P2","8. Directorio de Usuarios Zen",5,"Sprint 3","done","Backend / IAM","02_ESPECIFICACION_FUNCIONAL_Y_BACKLOG.md#uh-48"
"UH-49","Gestión de Habilidades y Asignación Automática","UH","P2","8. Directorio de Usuarios Zen",5,"Sprint 3","done","Backend / Algoritmos","02_ESPECIFICACION_FUNCIONAL_Y_BACKLOG.md#uh-49"
"UH-50","Ingesta Automática de Tickets vía Email","UH","P2","9. Ingesta Email Omnicanal",6,"Sprint 3","done","Backend / Integración","02_ESPECIFICACION_FUNCIONAL_Y_BACKLOG.md#uh-50"
"UH-51","Parsing de Adjuntos y Respuestas por Correo","UH","P3","9. Ingesta Email Omnicanal",6,"Sprint 3","done","Backend / Parser","02_ESPECIFICACION_FUNCIONAL_Y_BACKLOG.md#uh-51"
"UH-52","Encuesta de Satisfacción (CSAT) Post-Resolución","UH","P2","10. Cierre & CSAT",6,"Sprint 3","done","Frontend / UX","02_ESPECIFICACION_FUNCIONAL_Y_BACKLOG.md#uh-52"
"UH-53","Reporte de Calidad Percibida por Operador","UH","P3","10. Cierre & CSAT",6,"Sprint 3","done","Backend / BI","02_ESPECIFICACION_FUNCIONAL_Y_BACKLOG.md#uh-53"
"UH-54","Administración Dinámica del Catálogo de Servicios","UH","P2","11. Catálogo Zen",6,"Sprint 4","done","Backend / Admin","02_ESPECIFICACION_FUNCIONAL_Y_BACKLOG.md#uh-54"
"UH-55","Matriz de Tipificaciones y SLAs Asociados","UH","P2","11. Catálogo Zen",5,"Sprint 4","done","Arquitectura / Reglas","02_ESPECIFICACION_FUNCIONAL_Y_BACKLOG.md#uh-55"
"UH-56","Vista de Torre de Control y Carga de Equipo","UH","P1","12. Team Leader & Torre",5,"Sprint 4","done","Frontend / Realtime","02_ESPECIFICACION_FUNCIONAL_Y_BACKLOG.md#uh-56"
"UH-57","Reasignación Masiva y Balanceo de Carga","UH","P2","12. Team Leader & Torre",5,"Sprint 4","done","Backend / Optimización","02_ESPECIFICACION_FUNCIONAL_Y_BACKLOG.md#uh-57"
"UH-58","Portal de Soporte a Consultorios Digitales","UH","P1","EP-08: Reemplazo N1, Triage IA & Portal Solicitante",7,"Sprint 4","done","Frontend / Especializado","02_ESPECIFICACION_FUNCIONAL_Y_BACKLOG.md#uh-58"
"UH-59","Typeahead Predictivo de Temas Homologados CD2","UH","P1","EP-08: Reemplazo N1, Triage IA & Portal Solicitante",6,"Sprint 4","done","Frontend / Búsqueda","02_ESPECIFICACION_FUNCIONAL_Y_BACKLOG.md#uh-59"
"UH-60","Integración con Base de Casos Operativos SISA/Matrículas","UH","P2","EP-08: Reemplazo N1, Triage IA & Portal Solicitante",6,"Sprint 4","done","Backend / Conocimiento","02_ESPECIFICACION_FUNCIONAL_Y_BACKLOG.md#uh-60"
"UH-61","Formulario Exprés de Contingencia para Médicos","UH","P2","EP-08: Reemplazo N1, Triage IA & Portal Solicitante",6,"Sprint 4","done","Frontend / Accesibilidad","02_ESPECIFICACION_FUNCIONAL_Y_BACKLOG.md#uh-61"
"UH-62","Rediseño de Sidebar Ergonómico Colapsable","UH","P3","15. Sidebar Zen & Ergonomía",4,"Sprint 5","done","Frontend / CSS","02_ESPECIFICACION_FUNCIONAL_Y_BACKLOG.md#uh-62"
"UH-63","Navegación Rápida por Teclas Numéricas","UH","P3","15. Sidebar Zen & Ergonomía",3,"Sprint 5","done","Frontend / JS","02_ESPECIFICACION_FUNCIONAL_Y_BACKLOG.md#uh-63"
"UH-64","Indicadores de Carga y Tooltips Informativos","UH","P4","15. Sidebar Zen & Ergonomía",3,"Sprint 5","done","Frontend / UI","02_ESPECIFICACION_FUNCIONAL_Y_BACKLOG.md#uh-64"
"UH-65","Certificación UAT y Cierre de Línea Base v4.0","UH","P1","15. Sidebar Zen & Ergonomía",4,"Sprint 5","done","QA / Certificación","02_ESPECIFICACION_FUNCIONAL_Y_BACKLOG.md#uh-65"
"MEJ-03","[P1 - ALTA PRIORIDAD] Rediseño Visual Estilo Quantux y Densidad Informativa de Tickets en Vista Jerárquica WBS","MEJ","P1","EP-07: Gobernanza PMI+IA, Blindaje OJO & Calidad",3,"Sprint 6","done","Frontend / UX Design System & WBS","02_ESPECIFICACION_FUNCIONAL_Y_BACKLOG.md#mej-03"
"ISSUE-08","[P2 - MEDIA PRIORIDAD] Gobernanza Definition of Done: Prohibición de Transición a Resuelto sin Implementación Técnica Verificada (Quality Gate PMI)","ISSUE","P2","EP-07: Gobernanza PMI+IA, Blindaje OJO & Calidad",3,"Sprint 6","done","Gobernanza / Quality Gate PMI & QA","02_ESPECIFICACION_FUNCIONAL_Y_BACKLOG.md#issue-08"
"ISSUE-09","[P1 - ALTA PRIORIDAD] Contraste y Visibilidad de Notificaciones Toast en Pantalla (Texto Blanco sobre Fondo Blanco)","ISSUE","P1","EP-07: Gobernanza PMI+IA, Blindaje OJO & Calidad",2,"Sprint 6","done","Frontend / Accesibilidad & CSS","02_ESPECIFICACION_FUNCIONAL_Y_BACKLOG.md#issue-09"
"ISSUE-10","[P1 - CRÍTICA] Fallo de Apertura e Interacción en Tarjeta de Organización OSDE","ISSUE","P1","EP-06: Administración y Operación Centralizada",3,"Sprint 6","done","Frontend / Navegabilidad & Resiliencia","02_ESPECIFICACION_FUNCIONAL_Y_BACKLOG.md#issue-10"
"ISSUE-11","[P1 - ALTA PRIORIDAD] Sub-vista Módulos de Software en Blanco (Falta de Inyección en Grid)","ISSUE","P1","EP-06: Administración y Operación Centralizada",3,"Sprint 6","done","Frontend / Arquitectura de Vistas","02_ESPECIFICACION_FUNCIONAL_Y_BACKLOG.md#issue-11"
"ISSUE-12","[P1 - CRÍTICA] Rediseño UX/UI y Navegabilidad Ergonómica de la Matriz Interactiva Multi-Tenant","ISSUE","P1","EP-06: Administración y Operación Centralizada",5,"Sprint 6","done","Product Design / UX & Arquitectura Multi-Tenant","02_ESPECIFICACION_FUNCIONAL_Y_BACKLOG.md#issue-12"
"ISSUE-13","[P1 - ALTA PRIORIDAD] Remoción de Banner de Runbook Oficial y Verdad Única (SSOT) en Respuestas del Asistente","ISSUE","P1","EP-08: Reemplazo N1, Triage IA & Portal Solicitante",2,"Sprint 6","done","Frontend / UX Writing & Limpieza Visual","02_ESPECIFICACION_FUNCIONAL_Y_BACKLOG.md#issue-13"
"ISSUE-14","[P2 - MEDIA PRIORIDAD] Remoción de Pastillas y Botones Redundantes sin Información en Respuestas","ISSUE","P2","EP-08: Reemplazo N1, Triage IA & Portal Solicitante",2,"Sprint 6","done","Frontend / UX Writing & Limpieza de Badges","02_ESPECIFICACION_FUNCIONAL_Y_BACKLOG.md#issue-14"
"ISSUE-15","[P1 - ALTA PRIORIDAD] Remoción de Checkboxes Inoperantes en Guía de Acción Operativa y Limpieza de Markdown","ISSUE","P1","EP-08: Reemplazo N1, Triage IA & Portal Solicitante",2,"Sprint 6","done","Frontend / UX Limpieza & Formateo","02_ESPECIFICACION_FUNCIONAL_Y_BACKLOG.md#issue-15"
"ISSUE-16","[P2 - MEDIA PRIORIDAD] Remoción de Botones de Navegación Rápida a Mockups en Top Navbar","ISSUE","P2","EP-06: Administración y Operación Centralizada",2,"Sprint 6","done","Frontend / Ergonomía UI","04_INFORME_DE_PRUEBAS_Y_EVIDENCIAS.md#issue-16"
"ISSUE-17","[P1 - ALTA PRIORIDAD] Tooltips sin Información en Barra de Navegación Lateral Colapsada","ISSUE","P1","EP-06: Administración y Operación Centralizada",2,"Sprint 6","done","Frontend / Ergonomía UI","04_INFORME_DE_PRUEBAS_Y_EVIDENCIAS.md#issue-17"
"UH-69","[P1 - ALTA PRIORIDAD] Bot Gestor de Tickets Multi-Rol, Evaluación KCS v6 y Trazabilidad de Tickets Contribuyentes en Base de Conocimiento","UH","P1","EP-08: Reemplazo N1, Triage IA & Portal Solicitante",8,"Sprint 6","done","Backend & Fullstack / Bot IA & KCS v6","02_ESPECIFICACION_FUNCIONAL_Y_BACKLOG.md#uh-69"
"ISSUE-18","[P1 - CRÍTICA] Bloqueo de Carga de Datos en Pantalla Principal por Error de Sintaxis JavaScript","ISSUE","P1","EP-06: Administración y Operación Centralizada",3,"Sprint 6","done","Frontend / Core JS Engine","04_INFORME_DE_PRUEBAS_Y_EVIDENCIAS.md#issue-18"
"MEJ-04","Eliminación de Barra Explicativa Superior en Matriz Multi-Tenant","MEJORA","P2","EP-06: Administración y Operación Centralizada",2,"Sprint 6","done","Frontend / UX Design","04_INFORME_DE_PRUEBAS_Y_EVIDENCIAS.md#mej-04"
"MEJ-05","Simetría y Normalización de Cápsulas Activo/Inactivo en Matriz Multi-Tenant","MEJORA","P2","EP-06: Administración y Operación Centralizada",3,"Sprint 6","done","Frontend / CSS & Layout","04_INFORME_DE_PRUEBAS_Y_EVIDENCIAS.md#mej-05"
"MEJ-06","Supresión de Botones Redundantes de Categoría en Toolbar de Matriz","MEJORA","P2","EP-06: Administración y Operación Centralizada",2,"Sprint 6","done","Frontend / UX Design","04_INFORME_DE_PRUEBAS_Y_EVIDENCIAS.md#mej-06"
"ISSUE-20","Buscador Predictivo con Autocompletado, Opción 'Mostrar Todas' y Supresión de Doble Lupa","ISSUE","P1","EP-06: Administración y Operación Centralizada",3,"Sprint 6","done","Frontend / UX & JS Search Engine","04_INFORME_DE_PRUEBAS_Y_EVIDENCIAS.md#issue-20"
"MEJ-07","Rediseño Senior UX y Nomenclatura Descriptiva de Sub-pestañas y Botones de Catálogo","MEJORA","P1","EP-06: Administración y Operación Centralizada",3,"Sprint 6","done","Frontend / UX Architecture Senior","04_INFORME_DE_PRUEBAS_Y_EVIDENCIAS.md#mej-07"
"ISSUE-19","[FUERA DE ALCANCE - BACKLOG] Inmutabilidad y Congelamiento de Botones de Transición en Tickets en Estado CERRADO","ISSUE","P1","EP-01: Mando Operativo y Flujo de Tickets",3,"Backlog Futuro","backlog","Frontend / State Machine & ITIL Lifecycle","04_INFORME_DE_PRUEBAS_Y_EVIDENCIAS.md#issue-19"
"MEJ-08","Supresión de Botonera de Acciones Administrativas en Toolbar del Tablero Scrumban","MEJORA","P2","EP-06: Administración y Operación Centralizada",2,"Sprint 6","done","Frontend / Scrumban Architecture","04_INFORME_DE_PRUEBAS_Y_EVIDENCIAS.md#mej-08"
"ISSUE-21","[P1 - ALTA PRIORIDAD] Reemplazo de Botones Crípticos de Respuesta por Acciones Semánticas (KB & Bot SLA)","ISSUE","P1","EP-01: Mando Operativo y Flujo de Tickets",2,"Sprint 6","done","Frontend / UX Workspace","04_INFORME_DE_PRUEBAS_Y_EVIDENCIAS.md#issue-21"
"ISSUE-22","[P1 - ALTA PRIORIDAD] Visibilidad y Consulta de Telemetría Operativa Zero-Question en Workspace de Tickets","ISSUE","P1","EP-01: Mando Operativo y Flujo de Tickets",3,"Sprint 6","done","Frontend / Telemetry & Interoperability","04_INFORME_DE_PRUEBAS_Y_EVIDENCIAS.md#issue-22"
"ISSUE-23","[P1 - CRÍTICA] Erradicación de Viñetas Duplicadas en Historial y Línea de Tiempo del Ticket","ISSUE","P1","EP-01: Mando Operativo y Flujo de Tickets",1,"Sprint 6","done","Frontend / UI Timeline","04_INFORME_DE_PRUEBAS_Y_EVIDENCIAS.md#issue-23"
"ISSUE-24","[P1 - ALTA PRIORIDAD] Remoción de Badge Innecesario 'AF-DEV' en Cabecera del Asistente IA","ISSUE","P1","EP-08: Reemplazo N1, Triage IA & Portal Solicitante",1,"Sprint 6","done","Frontend / IA Asistencial","04_INFORME_DE_PRUEBAS_Y_EVIDENCIAS.md#issue-24"
"ISSUE-25","[P1 - ALTA PRIORIDAD] Visualización Scrumban 100vh sin Scroll Derecho y Distribución Uniforme de 6 Columnas","ISSUE","P1","EP-07: Gobernanza PMI+IA, Blindaje OJO & Calidad",2,"Sprint 6","done","Frontend / Ergonomía Scrumban","04_INFORME_DE_PRUEBAS_Y_EVIDENCIAS.md#issue-25"
"UH-70","[P1 - ALTA PRIORIDAD] Menú Lateral Zen: Ocultamiento de Accesos a Tablero de Control y Torre de Control Preservando Funcionalidad","UH","P1","EP-06: Administración y Operación Centralizada",2,"Sprint 6","done","Frontend / Arquitectura de Menú","02_ESPECIFICACION_FUNCIONAL_Y_BACKLOG.md#uh-70"
"ISSUE-26","[P1 - ALTA PRIORIDAD] Rediseño UX Senior: Barra de Pestañas y Acciones Multi-Tenant en Fila Única Limpia","ISSUE","P1","EP-06: Administración y Operación Centralizada",3,"Sprint 6","done","Frontend / UX Senior","04_INFORME_DE_PRUEBAS_Y_EVIDENCIAS.md#issue-26"
"ISSUE-27","[P1 - CRÍTICA] Corrección de Botón 'Expandir Todo' en Historial y Notas del Caso en Agent Workspace","ISSUE","P1","EP-01: Mando Operativo y Flujo de Tickets",2,"Sprint 6","done","Frontend / UI Agent Workspace","04_INFORME_DE_PRUEBAS_Y_EVIDENCIAS.md#issue-27"
"ISSUE-28","[P1 - CRÍTICA] Alimentación y Trazabilidad Automática de la Base de Conocimiento al Resolver Ticket","ISSUE","P1","EP-08: Reemplazo N1, Triage IA & Portal Solicitante",3,"Sprint 6","done","Fullstack / KCS v6 & Base de Conocimiento","04_INFORME_DE_PRUEBAS_Y_EVIDENCIAS.md#issue-28"
"ISSUE-29","[P1 - ALTA PRIORIDAD] Remoción de Cabecera Superior HealthDesk/Quantux para Optimización de Espacio Vertical 100vh en Scrumban","ISSUE","P1","EP-07: Gobernanza PMI+IA, Blindaje OJO & Calidad",1,"Sprint 6","done","Frontend / Ergonomía Scrumban","04_INFORME_DE_PRUEBAS_Y_EVIDENCIAS.md#issue-29"
"MEJ-09","[P1 - ALTA PRIORIDAD] Transición Automática de Tarjetas de Retrabajo a la Pila de Revisión al Ejecutar Demonio","MEJORA","P1","EP-07: Gobernanza PMI+IA, Blindaje OJO & Calidad",2,"Sprint 6","done","Frontend / Lógica de Tablero Scrumban","04_INFORME_DE_PRUEBAS_Y_EVIDENCIAS.md#mej-09"
"MEJ-10","[P1 - ALTA PRIORIDAD] Posicionamiento Superior Inmediato ('Arriba de la Pila') al Aprobar Tarjetas a Aceptado","MEJORA","P1","EP-07: Gobernanza PMI+IA, Blindaje OJO & Calidad",2,"Sprint 6","done","Frontend / Ergonomía Kanban","04_INFORME_DE_PRUEBAS_Y_EVIDENCIAS.md#mej-10"
"ISSUE-63","[P0 - CRÍTICO] Motor del Demonio de Retrabajo: Ejecución Real de Desarrollo y Parches de Código desde el Tablero sin Intervención Manual","ISSUE","P1","EP-06: Tablero Scrumban & Gobernanza Dinámica",5,"Sprint 6","done","Fullstack / Motor Agéntico Autónomo","04_INFORME_DE_PRUEBAS_Y_EVIDENCIAS.md#issue-63"
"ISSUE-65","[P1 - ALTO IMPACTO] Persistencia de Configuración de SLA sin Cierre de Diálogo y Actualización Reactiva en Ficha 360° del Cliente","ISSUE","P1","EP-06: Gestión de Incidentes, SLA Dinámico y Transiciones",3,"Sprint 7","sprint","Frontend / UX & JS","04_INFORME_DE_PRUEBAS_Y_EVIDENCIAS.md#issue-65"
"ISSUE-66","[P1 - ALTA PRIORIDAD] Erradicación Integral de Colores Pesados y Oscuros en Modales y Ficha 360° (Paleta Limpia Quantux)","ISSUE","P1","EP-06: Tablero Scrumban & Gobernanza Dinámica",2,"Sprint 6","done","Frontend / UI & CSS","04_INFORME_DE_PRUEBAS_Y_EVIDENCIAS.md#issue-66"
"ISSUE-67","[P1 - ALTA PRIORIDAD] Unificación Terminológica de Pestañas y Eliminación Integral de Iconos/Emojis","ISSUE","P1","EP-06: Tablero Scrumban & Gobernanza Dinámica",2,"Sprint 6","done","Frontend / UX & Copywriting","04_INFORME_DE_PRUEBAS_Y_EVIDENCIAS.md#issue-67"
"ISSUE-64","[P1 - ALTA PRIORIDAD] Regla FIFO Estricta en Retrabajo: Toda Tarjeta que Pase de Revisión a Retrabajo Debe Quedar al Fondo de la Pila de Retrabajo","ISSUE","P1","EP-06: Tablero Scrumban & Gobernanza Dinámica",2,"Sprint 6","done","Frontend / Gobernanza Scrumban","04_INFORME_DE_PRUEBAS_Y_EVIDENCIAS.md#issue-64"
"ISSUE-30","[P1 - ALTA PRIORIDAD] Botón de Resolución Directa de Tickets en Modal de Visualización","ISSUE","P1","EP-06: Gestión de Incidentes, SLA Dinámico y Transiciones",3,"Sprint 6","done","Frontend / UX & JS","04_INFORME_DE_PRUEBAS_Y_EVIDENCIAS.md#issue-30"
"ISSUE-31","[P1 - ALTA PRIORIDAD] Ejecución del Demonio y Paso Automático de Toda Tarjeta que Pase de Retrabajo a Revisión al Fondo de la Pila","ISSUE","P1","EP-07: Gobernanza PMI+IA, Blindaje OJO & Calidad",3,"Sprint 6","done","Frontend / Automatización Scrumban","04_INFORME_DE_PRUEBAS_Y_EVIDENCIAS.md#issue-31"
"ISSUE-32","[P1 - ALTA PRIORIDAD] Cero Emojis y Cero Íconos No Aprobados en Filtros, Telemetría y Modales","ISSUE","P1","EP-07: Gobernanza PMI+IA, Blindaje OJO & Calidad",2,"Sprint 6","done","Frontend / UI Senior","04_INFORME_DE_PRUEBAS_Y_EVIDENCIAS.md#issue-32"
"ISSUE-33","[P1 - ALTA PRIORIDAD] Erradicación Total de Emojis y Dibujitos en Cabeceras de Columna del Tablero Scrumban","ISSUE","P1","EP-07: Gobernanza PMI+IA, Blindaje OJO & Calidad",2,"Sprint 6","done","Frontend / Ergonomía Kanban","04_INFORME_DE_PRUEBAS_Y_EVIDENCIAS.md#issue-33"
"ISSUE-34","[P1 - ALTA PRIORIDAD] Módulo Base de Conocimiento KCS v6 con Tickets Aportantes y Empty State Senior UX","ISSUE","P1","EP-05: Módulo de Base de Conocimiento y Artículos Oficiales",3,"Sprint 6","done","Frontend / Senior UX & KCS","04_INFORME_DE_PRUEBAS_Y_EVIDENCIAS.md#issue-34"
"ISSUE-35","[P1 - ALTA PRIORIDAD] Estilo Quantux Senior UX: Erradicación de Colores Sólidos y Oscuros en Workspace","ISSUE","P1","EP-07: Gobernanza PMI+IA, Blindaje OJO & Calidad",3,"Sprint 6","done","Frontend / Senior UX & Paleta Teal","04_INFORME_DE_PRUEBAS_Y_EVIDENCIAS.md#issue-35"
"ISSUE-36","[P1 - ALTA PRIORIDAD] Blindaje de Persistencia y Gobernanza: Prohibición de Re-inyección de Tarjetas Aprobadas a En Revisión","ISSUE","P1","EP-07: Gobernanza PMI+IA, Blindaje OJO & Calidad",3,"Sprint 6","done","Frontend / Persistencia & Gobernanza","04_INFORME_DE_PRUEBAS_Y_EVIDENCIAS.md#issue-36"
"ISSUE-37","[P1 - ALTA PRIORIDAD] Supresión del Botón y Pestaña Redundante 'Backlog Jerárquico' en Barra de Navegación del Tablero Scrumban","ISSUE","P1","EP-07: Gobernanza PMI+IA, Blindaje OJO & Calidad",2,"Sprint 6","done","Frontend / Ergonomía & Navegación","04_INFORME_DE_PRUEBAS_Y_EVIDENCIAS.md#issue-37"
"ISSUE-38","[P1 - ALTA PRIORIDAD] Rediseño y Armonización Visual de la Barra de Navegación Principal y Banner de Hardening (Cero Colores Oscuros y Cero Emojis)","ISSUE","P1","EP-07: Gobernanza PMI+IA, Blindaje OJO & Calidad",3,"Sprint 6","done","Frontend / Senior UX & Paleta Quantux","04_INFORME_DE_PRUEBAS_Y_EVIDENCIAS.md#issue-38"
"MEJ-11","[P1 - ALTA PRIORIDAD] Tooltips de Gobernanza Scrumban en Cabeceras de Columna, Supresión de Banners Estáticos y Erradicación Total de Emojis","MEJORA","P1","EP-07: Gobernanza PMI+IA, Blindaje OJO & Calidad",3,"Sprint 6","done","Frontend / Ergonomía Kanban & Gobernanza","03_ARQUITECTURA_Y_DISENO_TECNICO.md#mej-11"
"ISSUE-39","[P1 - ALTA CRITICIDAD] Corrección Operativa y Visual de los Botones 'Tarjetas' | 'Tabla' en Clientes & Mesas de Ayuda","ISSUE","P1","EP-05: Administración Multitenant, Plataformas y Salud Operativa",3,"Sprint 6","done","Frontend / Senior UX & Clientes","04_INFORME_DE_PRUEBAS_Y_EVIDENCIAS.md#issue-39"
"ISSUE-40","[P1 - ALTA CRITICIDAD] Corrección de Apertura de Ficha 360° al Clicar Tarjeta OSDE y Demás Clientes (Fatal ReferenceError)","ISSUE","P1","EP-05: Administración Multitenant, Plataformas y Salud Operativa",3,"Sprint 6","done","Frontend / Integración & Resiliencia","04_INFORME_DE_PRUEBAS_Y_EVIDENCIAS.md#issue-40"
"ISSUE-41","[P1 - ALTA CRITICIDAD] Ocultamiento Total de los Módulos 'Tablero de Control' y 'Torre de Control' en el Menú Lateral para Todos los Roles","ISSUE","P1","EP-01: Acceso, Roles y Permisos Básicos",2,"Sprint 6","done","Frontend / RBAC & Navegación","04_INFORME_DE_PRUEBAS_Y_EVIDENCIAS.md#issue-41"
"ISSUE-42","[P1 - ALTA CRITICIDAD] Aislamiento Estricto RBAC: Ocultamiento del Módulo 'Mando Operativo' para el Rol Solicitante","ISSUE","P1","EP-01: Acceso, Roles y Permisos Básicos",2,"Sprint 6","done","Frontend / RBAC & Seguridad","04_INFORME_DE_PRUEBAS_Y_EVIDENCIAS.md#issue-42"
"ISSUE-43","[P1 - ALTA CRITICIDAD] Reubicación Ergonométrica del Botón Hamburguesa de 3 Rayas a la Izquierda del Texto en la Cabecera de Marca","ISSUE","P1","EP-01: Acceso, Roles y Permisos Básicos",2,"Sprint 6","done","Frontend / Senior UX & Ergonomía","04_INFORME_DE_PRUEBAS_Y_EVIDENCIAS.md#issue-43"
"ISSUE-44","[P1 - ALTA CRITICIDAD] Filtro Estricto por Defecto en Mesa de Ayuda para Analistas de Soporte: Solo Tickets Asignados y Sin Asignar","ISSUE","P1","EP-06: Gestión de Incidentes, SLA Dinámico y Transiciones",3,"Sprint 6","done","Frontend / Mesa de Ayuda & Gobernanza de Turnos","04_INFORME_DE_PRUEBAS_Y_EVIDENCIAS.md#issue-44"
"OPP-04","[OPORTUNIDAD DE MEJORA] Copiloto IA Generativo de Resumen Ejecutivo de Conversaciones y Sugerencia de Resolución en 1 Clic (Benchmark Zendesk Copilot / ServiceNow GenAI)","MEJORA","P2","EP-06: Gestión de Incidentes, SLA Dinámico y Transiciones",5,"Product Backlog","backlog","Frontend / IA & UX","02_ESPECIFICACION_FUNCIONAL_Y_BACKLOG.md#opp-04"
"OPP-05","[OPORTUNIDAD DE MEJORA] Motor de Macro-Automatizaciones Predictivas Basado en Detección de Intención Semántica (Benchmark Freshservice Freddy / Intercom Workflows)","MEJORA","P2","EP-08: Reemplazo N1, Triage IA & Portal Solicitante",5,"Product Backlog","backlog","Backend / Workflows & IA","02_ESPECIFICACION_FUNCIONAL_Y_BACKLOG.md#opp-05"
"OPP-06","[OPORTUNIDAD DE MEJORA] Asistente Flotante Picture-in-Picture (PiP) para Modo 'Atención Ininterrumpida' en Videoconsultas Médicas (Benchmark Epic Systems / Teladoc)","MEJORA","P2","EP-08: Reemplazo N1, Triage IA & Portal Solicitante",3,"Product Backlog","backlog","Frontend / UX & WebRTC","02_ESPECIFICACION_FUNCIONAL_Y_BACKLOG.md#opp-06"
"OPP-07","[OPORTUNIDAD DE MEJORA] Sistema Predictivo de Alerta Temprana de SLA Breach con Puntuación de Riesgo ML (Benchmark ServiceNow Incident Intelligence)","MEJORA","P2","EP-06: Gestión de Incidentes, SLA Dinámico y Transiciones",5,"Product Backlog","backlog","Data / ML & Frontend","02_ESPECIFICACION_FUNCIONAL_Y_BACKLOG.md#opp-07"
"OPP-08","[OPORTUNIDAD DE MEJORA] Visor de Interoperabilidad Clínica HL7 FHIR R4 para Contexto Inmediato de Soporte en Interconsultas (Benchmark Health Gorilla / Cerner)","MEJORA","P2","EP-05: Módulo de Base de Conocimiento y Artículos Oficiales",5,"Product Backlog","backlog","Backend / HL7 FHIR & APIs","02_ESPECIFICACION_FUNCIONAL_Y_BACKLOG.md#opp-08"
"ISSUE-45","[P1 - ALTA CRITICIDAD] Modal de Escalamiento N2 No Muestra Botones Inferiores (Botones Cortados) y Falta Campo para Adjuntar Archivos","ISSUE","P1","EP-08: Reemplazo N1, Triage IA & Portal Solicitante",3,"Sprint 6","done","Frontend / UX & JS","04_INFORME_DE_PRUEBAS_Y_EVIDENCIAS.md#issue-45"
"ISSUE-46","[P1 - ALTA CRITICIDAD] Aislamiento Estricto de Diagnóstico Técnico, Logs de Auditor y JSON al Solicitante (Exclusivo para Soporte en Base de Conocimiento)","ISSUE","P1","EP-08: Reemplazo N1, Triage IA & Portal Solicitante",5,"Sprint 6","done","Frontend / IA & UX","04_INFORME_DE_PRUEBAS_Y_EVIDENCIAS.md#issue-46"
"ISSUE-47","[P1 - ALTA CRITICIDAD] Blindaje de Inmutabilidad Cuántica en Tablero Scrumban: Bloqueo Irreversible de Tarjetas en 'Aceptado y Finalizado'","ISSUE","P1","EP-01: Arquitectura Base, Multi-Tenancy y Configuración",3,"Sprint 6","done","Frontend / Scrumban & JS","04_INFORME_DE_PRUEBAS_Y_EVIDENCIAS.md#issue-47"
"ISSUE-48","[P1 - ALTA PRIORIDAD] Eliminación de Duplicidad en Cápsulas de Hito y Comité Evaluador en Encabezado Scrumban","ISSUE","P1","EP-07: Gobernanza PMI+IA, Blindaje OJO & Calidad",2,"Sprint 6","done","Frontend / CSS & HTML","04_INFORME_DE_PRUEBAS_Y_EVIDENCIAS.md#issue-48"
"OPP-09","[OPORTUNIDAD DE MEJORA] Telemetría WebRTC Proactiva y Conmutación Preventiva a Audio/Contingencia (Benchmark Zoom Phone / Teams Telehealth)","MEJORA","P2","EP-08: Reemplazo N1, Triage IA & Portal Solicitante",5,"Product Backlog","backlog","Frontend / WebRTC & Telehealth","02_ESPECIFICACION_FUNCIONAL_Y_BACKLOG.md#opp-09"
"OPP-10","[OPORTUNIDAD DE MEJORA] Motor de Búsqueda Semántica Vectorial Multimodal sobre Base de Conocimiento CD2 y Vademécum (Benchmark Pinecone / Algolia AI / ServiceNow AI)","MEJORA","P2","EP-05: Módulo de Base de Conocimiento y Artículos Oficiales",5,"Product Backlog","backlog","Backend / Vector Search & IA","02_ESPECIFICACION_FUNCIONAL_Y_BACKLOG.md#opp-10"
"OPP-11","[OPORTUNIDAD DE MEJORA] Orquestador de Acuerdos OLA Multiequipo con Asignación por Skills y Carga Cognitiva (Benchmark Jira Service Management / PagerDuty)","MEJORA","P2","EP-06: Gestión de Incidentes, SLA Dinámico y Transiciones",5,"Product Backlog","backlog","Backend / ITIL 4 OLA & SLA","02_ESPECIFICACION_FUNCIONAL_Y_BACKLOG.md#opp-11"
"OPP-12","[OPORTUNIDAD DE MEJORA] Generador Automatizado de Informes Periciales Post-Mortem y Análisis de Causa Raíz (RCA) con 1 Clic (Benchmark PagerDuty Postmortems / Datadog RCA)","MEJORA","P2","EP-07: Gobernanza PMI+IA, Blindaje OJO & Calidad",5,"Product Backlog","backlog","Backend / Auditing & Reports","02_ESPECIFICACION_FUNCIONAL_Y_BACKLOG.md#opp-12"
"ISSUE-49","[P1 - ALTA CRITICIDAD] Eliminación Definitiva del Botón 'Mis Solicitudes (1997)' en Cabecera Superior del Solicitante","ISSUE","P1","EP-08: Reemplazo N1, Triage IA & Portal Solicitante",3,"Sprint 6","done","Frontend / UX & JS","04_INFORME_DE_PRUEBAS_Y_EVIDENCIAS.md#issue-49"
"ISSUE-50","[P1 - PRIORITARIO] Reemplazo de la Palabra 'Hardening' por 'Pruebas y Estabilización'","ISSUE","P1","EP-07: Gobernanza PMI+IA, Blindaje OJO & Calidad",2,"Sprint 6","done","Gobernanza / UX & Metodología","04_INFORME_DE_PRUEBAS_Y_EVIDENCIAS.md#issue-50"
"ISSUE-51","[P1 - ALTA CRITICIDAD] Eliminación Definitiva del Chip de Perfil Médico de la Cabecera Superior","ISSUE","P1","EP-08: Reemplazo N1, Triage IA & Portal Solicitante",2,"Sprint 6","done","Frontend / UX & Limpieza Zen","04_INFORME_DE_PRUEBAS_Y_EVIDENCIAS.md#issue-51"
"ISSUE-52","[P1 - ALTA CRITICIDAD] Corrección de Fallo de Integridad FK en Motor de Auto-Balanceo de Carga","ISSUE","P1","EP-06: Mando Operativo & Balanceo de Carga",3,"Sprint 6","done","Backend / ITIL & Base de Datos","04_INFORME_DE_PRUEBAS_Y_EVIDENCIAS.md#issue-52"
"ISSUE-53","[P1 - ALTA CRITICIDAD] Erradicación de Término 'Tenant' por Vocabulario Institucional y Supresión de Botoneras","ISSUE","P1","EP-07: Gobernanza PMI+IA, Blindaje OJO & Calidad",3,"Sprint 6","done","Frontend / UX & Dominio Sanitario","04_INFORME_DE_PRUEBAS_Y_EVIDENCIAS.md#issue-53"
"ISSUE-54","[P1 - ALTA CRITICIDAD] Corrección y Blindaje de Visualización de Imágenes en Tarjetas Scrumban","ISSUE","P1","EP-07: Gobernanza PMI+IA, Blindaje OJO & Calidad",3,"Sprint 6","done","Frontend / Arquitectura Web & Evidencias","04_INFORME_DE_PRUEBAS_Y_EVIDENCIAS.md#issue-54"
"MEJ-12","[P1 - MEJORA] Barra de Progreso Unificada en Tareas en Ejecución con Estilo Rojo Institucional y Detalle de Etapas Técnicas","MEJORA","P1","EP-06: Tablero Scrumban & Gobernanza Dinámica",3,"Sprint 6","done","Frontend / Tablero Scrumban & UX Governance","02_ESPECIFICACION_FUNCIONAL_Y_BACKLOG.md#mej-12"
"ISSUE-55","[P1 - ALTA CRITICIDAD] Enlace Interactivo en Badge de Ticket en Constancia de Resolución Inmediata (FCR 100%)","ISSUE","P1","EP-08: Reemplazo N1, Triage IA & Portal Solicitante",3,"Sprint 7","sprint","Frontend / Portal del Solicitante & UX","04_INFORME_DE_PRUEBAS_Y_EVIDENCIAS.md#issue-55"
"ISSUE-56","[P1 - ALTA CRITICIDAD] Disponibilidad y Persistencia Inmediata de Tickets de Autogestión (FCR 100%) en el Historial del Solicitante","ISSUE","P1","EP-08: Reemplazo N1, Triage IA & Portal Solicitante",5,"Sprint 7","sprint","Fullstack / Asistente IA & Historial de Solicitudes","04_INFORME_DE_PRUEBAS_Y_EVIDENCIAS.md#issue-56"
"MEJ-13","[Sprint 7] Depuración de Botones Redundantes de 'Acciones del Ticket' ('Resolver Ticket' y 'Registrar Notas de Solución...')","MEJ","P2","EP-08: Reemplazo N1, Triage IA & Portal Solicitante",2,"Sprint 7","sprint","Frontend / UX & Workflow Zen","04_INFORME_DE_PRUEBAS_Y_EVIDENCIAS.md#mej-13"
"MEJ-14","[Sprint 7] Visualización Permanente y Dinámica de la Descripción de Estado del Ticket en el Workspace","MEJ","P2","EP-08: Reemplazo N1, Triage IA & Portal Solicitante",2,"Sprint 7","sprint","Frontend / UX & Workflow Zen","04_INFORME_DE_PRUEBAS_Y_EVIDENCIAS.md#mej-14"
"MEJ-15","[Sprint 7] Diferenciación Cromática de Botonera Dual 'Responder' vs 'Responder y Resolver' en el Workspace","MEJ","P2","EP-08: Reemplazo N1, Triage IA & Portal Solicitante",2,"Sprint 7","sprint","Frontend / UX & Design System Quantux","04_INFORME_DE_PRUEBAS_Y_EVIDENCIAS.md#mej-15"
"MEJ-16","[Sprint 7] Directiva de Diseño Quantux: Erradicación de Colores Rojos y Tonos Rojizos en Barras de Progreso e Interfaz, Alineación a Paleta Oficial (Cyan/Slate/Azul)","MEJ","P1","EP-06: Tablero Scrumban & Gobernanza Dinámica",3,"Sprint 7","sprint","Frontend / Design System & UX Governance","02_ESPECIFICACION_FUNCIONAL_Y_BACKLOG.md#mej-16"
"ISSUE-57","[P1 - BLOQUEANTE] Subsanación Integral del Botón Demonio de Retrabajo y Sincronización de Barra de Progreso Rojo Institucional","ISSUE","P1","EP-06: Tablero Scrumban & Gobernanza Dinámica",3,"Sprint 6","done","Frontend / Tablero Scrumban & Motor de Automatización","04_INFORME_DE_PRUEBAS_Y_EVIDENCIAS.md#issue-57"
"ISSUE-58","[P1 - ALTA CRITICIDAD] Pérdida de Persistencia de Tarjetas en Estado Retrabajo tras Refrescar Pantalla","ISSUE","P1","EP-06: Tablero Scrumban & Gobernanza Dinámica",3,"Sprint 6","done","Frontend / Scrumban LocalStorage & Sincronización de Estado","04_INFORME_DE_PRUEBAS_Y_EVIDENCIAS.md#issue-58"
"ISSUE-59","[P1 - ALTA CRITICIDAD] Restricción RBAC Perfil Analista de Soporte: Ocultamiento de 'Centro de Ayuda' y 'Mando Operativo'","ISSUE","P1","EP-01: Acceso, Roles y Permisos Básicos",3,"Sprint 6","done","Frontend / RBAC & Seguridad Operativa","02_ESPECIFICACION_FUNCIONAL_Y_BACKLOG.md#issue-59"
"ISSUE-60","[P1 - ALTA CRITICIDAD] Persistencia Integral y Actualización Reactiva de la Configuración de SLA Institucional en la Tarjeta 360°","ISSUE","P1","EP-02: Gestión de Instituciones y Multi-Tenant",3,"Sprint 6","done","Frontend / Full-Stack & Persistencia Multi-Tenant","02_ESPECIFICACION_FUNCIONAL_Y_BACKLOG.md#issue-60"
"ISSUE-61","[P1 - ALTA CRITICIDAD] Motor Real de Simulación de Sobrecarga y Rebalanceo Algorítmico Efectivo en Mando Operativo","ISSUE","P1","EP-04: Torre de Control y Asignación Automatizada",5,"Sprint 6","done","Full-Stack / Algoritmos de Balanceo & Mando Operativo","02_ESPECIFICACION_FUNCIONAL_Y_BACKLOG.md#issue-61"
"ISSUE-62","[P1 - ALTO IMPACTO] Supresión y Ocultamiento de la Sub-Vista Confusa 'Niveles ITIL' (N1/N2/N3) en el Centro de Administración","ISSUE","P1","EP-02: Gestión de Instituciones y Multi-Tenant",2,"Sprint 6","done","Frontend / UX Architecture & Simplificación","02_ESPECIFICACION_FUNCIONAL_Y_BACKLOG.md#issue-62"
"ISSUE-68","[P0 - TRAZABILIDAD MANDATARIA] Registro de Tarjetas Scrumban Previo a la Ejecución de Solicitudes y Trazabilidad Extrema","ISSUE","P0","EP-01: Arquitectura y Gobierno del Producto",3,"Sprint 6","done","Scrumban Framework / Process Governance","02_ESPECIFICACION_FUNCIONAL_Y_BACKLOG.md#issue-68"
"ISSUE-69","[P1 - GOBERNANZA] Preservación Estricta del Estado Operativo en Rollover de Tareas al Siguiente Sprint","ISSUE","P1","EP-01: Arquitectura y Gobierno del Producto",3,"Sprint 6","done","Scrumban Framework / ITIL Governance","02_ESPECIFICACION_FUNCIONAL_Y_BACKLOG.md#issue-69"
"ISSUE-70","[P1 - ALTO IMPACTO] Ocultamiento de Ficha FHIR R4 y Payload JSON Crudo en Detalle del Ticket","ISSUE","P1","EP-03: Mesa de Ayuda y Flujo ITIL",2,"Sprint 6","done","Frontend / UX Architecture","02_ESPECIFICACION_FUNCIONAL_Y_BACKLOG.md#issue-70"
"ISSUE-71","[P1 - ALTO IMPACTO] Inmutabilidad Absoluta en Frontend y Backend para Tickets en Estado CERRADO","ISSUE","P1","EP-03: Mesa de Ayuda y Flujo ITIL",5,"Sprint 6","done","Fullstack / ITIL Governance & Backend Security","02_ESPECIFICACION_FUNCIONAL_Y_BACKLOG.md#issue-71"
"ISSUE-72","[P1 - ALTO IMPACTO] Corrección de Parseo UTC Naive y Visualización Natural de Tiempo Transcurrido","ISSUE","P1","EP-03: Mesa de Ayuda y Flujo ITIL",3,"Sprint 6","done","Frontend / Date Time Engine & ITIL Metrics","02_ESPECIFICACION_FUNCIONAL_Y_BACKLOG.md#issue-72"
"ISSUE-73","[P2 - USABILIDAD UX] Unificación y Claridad de Acciones de Asignación y Derivación","ISSUE","P2","EP-03: Mesa de Ayuda y Flujo ITIL",2,"Sprint 6","done","Frontend / UX Interaction Design","02_ESPECIFICACION_FUNCIONAL_Y_BACKLOG.md#issue-73"
"ISSUE-74","[P1 - ALTO IMPACTO] Erradicación de Botones Negros y Corrección de Desaparición Visual en Hover","ISSUE","P1","EP-01: Arquitectura y Gobierno del Producto",3,"Sprint 6","done","Frontend / CSS & Design System","02_ESPECIFICACION_FUNCIONAL_Y_BACKLOG.md#issue-74"
"ISSUE-75","[P1 - ALTO IMPACTO] Acotamiento Estricto de la Matriz Institucional a Exactamente 8 Módulos de Soporte","ISSUE","P1","EP-02: Gestión de Instituciones y Multi-Tenant",3,"Sprint 6","done","Frontend / Clinical Modules Architecture","02_ESPECIFICACION_FUNCIONAL_Y_BACKLOG.md#issue-75"
"ISSUE-76","[P1 - CALIDAD VISUAL] Eliminación Total de Íconos y Emojis en Matriz de Soporte, Barra de Herramientas y CSV","ISSUE","P1","EP-02: Gestión de Instituciones y Multi-Tenant",2,"Sprint 6","done","Frontend / Clean UI","02_ESPECIFICACION_FUNCIONAL_Y_BACKLOG.md#issue-76"
"ISSUE-77","[P1 - ACCESIBILIDAD Y MICROCOPY] Contraste Visual Óptimo en Cierre 'X' de Modales y Tipografía 'Módulos de soporte'","ISSUE","P1","EP-01: Arquitectura y Gobierno del Producto",2,"Sprint 6","done","Frontend / Accessibility & Content","02_ESPECIFICACION_FUNCIONAL_Y_BACKLOG.md#issue-77"
"ISSUE-78","[Sprint 7] Indicador de Estado Operativo de SLA Dinámico (Pausado / Activo) con Cronómetro en Segundos en Tiempo Real","UH","P1","EP-09: Telemetría Enterprise, SLAs & HL7",3,"Sprint 7","sprint","Frontend / Telemetría & SLA","02_ESPECIFICACION_FUNCIONAL_Y_BACKLOG.md#issue-78"
"ISSUE-79","[Sprint 7] Depuración de Botonera Redundante de Asignación en Agent Workspace","UH","P2","EP-03: Bandeja de Entrada y Asignación",2,"Sprint 7","sprint","Frontend / UX & Workflow","02_ESPECIFICACION_FUNCIONAL_Y_BACKLOG.md#issue-79"
"ISSUE-80","[Sprint 7] Evaluación Obligatoria y Renderizado Dinámico de Impacto en Producto y Negocio en Todos los Tickets","UH","P1","EP-07: Gobernanza PMI+IA, Blindaje OJO & Calidad",3,"Sprint 7","sprint","Gobernanza & Calidad de Producto","02_ESPECIFICACION_FUNCIONAL_Y_BACKLOG.md#issue-80"
"ISSUE-81","[Sprint 7] Botón de Cierre 'X' de Alto Contraste y Cierre por Escape/Backdrop en Visor Lightbox de Adjuntos","UH","P2","EP-05: Seguimiento, Notificaciones e Historial",2,"Sprint 7","sprint","Frontend / Accesibilidad & UX","02_ESPECIFICACION_FUNCIONAL_Y_BACKLOG.md#issue-81"
"ISSUE-82","[Sprint 7] Ocultamiento Total del Módulo 'Configuración' en Barra Lateral para Todos los Roles y Perfiles","UH","P1","EP-06: Administración y Operación Centralizada",2,"Sprint 7","sprint","Frontend / IAM & Seguridad RBAC","02_ESPECIFICACION_FUNCIONAL_Y_BACKLOG.md#issue-82"
"ISSUE-83","[Sprint 7] Ocultamiento de Funcionalidad 'Niveles ITIL' y Formalización de Configuración Inicial por Base de Datos (ITIL v4)","UH","P1","EP-06: Administración y Operación Centralizada",2,"Sprint 7","sprint","Frontend / UX & Documentación Arquitectónica","02_ESPECIFICACION_FUNCIONAL_Y_BACKLOG.md#issue-83"
